Date,Time (ET),Home Team,Home AP,Away Team,Away AP,Neutral Site,Weather at Kickoff (Short),Weather at Kickoff (Rain/NoRain),ESPN Win Prob Home,ESPN Win Prob Away,Moneyline Home,Moneyline Away,Spread (with odds),Over/Under (with odds),TV,Stadium,City,State,Notes
2025-08-28,17:30,South Florida Bulls,NR,Boise State Broncos,NR,No,,,,,,,,,ESPN,Raymond James Stadium,Tampa,FL,ESPN event id=401762522
2025-08-28,18:00,Rutgers Scarlet Knights,NR,Ohio Bobcats,NR,No,,,,,,,,,BTN,SHI Stadium,Piscataway,NJ,ESPN event id=401752794
2025-08-28,18:00,Bowling Green Falcons,NR,Lafayette Leopards,NR,No,,,,,,,,,ESPN+,Doyt L. Perry Stadium,Bowling Green,OH,ESPN event id=401762790
2025-08-28,19:00,NC State Wolfpack,NR,East Carolina Pirates,NR,No,,,,,,,,,ACC Network,Carter-Finley Stadium,Raleigh,NC,ESPN event id=401754373
2025-08-28,19:00,UCF Knights,NR,Jacksonville State Gamecocks,NR,No,,,,,,,,,ESPN+,FBC Mortgage Stadium,Orlando,FL,ESPN event id=401756848
2025-08-28,19:00,Delaware Blue Hens,NR,Delaware State Hornets,NR,No,,,,,,,,,ESPN+,Delaware Stadium,Newark,DE,ESPN event id=401757219
2025-08-28,19:00,UL Monroe Warhawks,NR,Saint Francis Red Flash,NR,No,,,,,,,,,ESPN+,Malone Stadium,Monroe,LA,ESPN event id=401761588
2025-08-28,19:00,Akron Zips,NR,Wyoming Cowboys,NR,No,,,,,,,,,ESPN+,InfoCision Stadium,Akron,OH,ESPN event id=401762789
2025-08-28,19:30,Missouri Tigers,NR,Central Arkansas Bears,NR,No,,,,,,,,,SEC Network,Memorial Stadium,Columbia,MO,ESPN event id=401752674
2025-08-28,19:30,Duke Blue Devils,NR,Elon Phoenix,NR,No,,,,,,,,,ESPN+,Wallace Wade Stadium,Durham,NC,ESPN event id=401754517
2025-08-28,19:30,Oklahoma State Cowboys,NR,UT Martin Skyhawks,NR,No,,,,,,,,,ESPN+,Boone Pickens Stadium,Stillwater,OK,ESPN event id=401756876
2025-08-28,20:00,Minnesota Golden Gophers,NR,Buffalo Bulls,NR,No,,,,,,,,,FS1,Huntington Bank Stadium,Minneapolis,MN,ESPN event id=401752793
2025-08-28,20:00,Houston Cougars,NR,Stephen F. Austin Lumberjacks,NR,No,,,,,,,,,ESPN+,TDECU Stadium,Houston,TX,ESPN event id=401756852
2025-08-28,20:30,UAB Blazers,NR,Alabama State Hornets,NR,No,,,,,,,,,ESPN+,Protective Stadium,Birmingham,AL,ESPN event id=401762430
2025-08-28,21:00,Cincinnati Bearcats,NR,Nebraska Cornhuskers,NR,Yes,,,,,,,,,ESPN,GEHA Field at Arrowhead Stadium,Kansas City,MO,ESPN event id=401752796
2025-08-28,21:00,Wisconsin Badgers,NR,Miami (OH) RedHawks,NR,No,,,,,,,,,BTN,Camp Randall Stadium,Madison,WI,ESPN event id=401762791
2025-08-28,22:00,San Diego State Aztecs,NR,Stony Brook Seawolves,NR,No,,,,,,,,,MWN,Snapdragon Stadium,San Diego,CA,ESPN event id=401760357
2025-08-23,12:00,Kansas State Wildcats,NR,Iowa State Cyclones,NR,Yes,,,0.6%,,,,,,ESPN,Aviva Stadium,Dublin,,ESPN event id=401756846
2025-08-23,16:00,UNLV Rebels,NR,Idaho State Bengals,NR,No,,,1.0%,,,,,,MWN,Allegiant Stadium,Las Vegas,NV,ESPN event id=401760371
2025-08-23,18:30,Kansas Jayhawks,NR,Fresno State Bulldogs,NR,No,,,0.9%,,,,,,FOX,David Booth Kansas Memorial Stadium,Lawrence,KS,ESPN event id=401756847
2025-08-23,19:00,Western Kentucky Hilltoppers,NR,Sam Houston Bearkats,NR,No,,,0.5%,,,,,,CBSSN,Houchens Industries-L.T. Smith Stadium,Bowling Green,KY,ESPN event id=401757218
2025-08-23,19:30,Hawai'i Rainbow Warriors,NR,Stanford Cardinal,NR,No,,,0.3%,,,,,,CBS,Clarence T.C. Ching Athletics Complex,Honolulu,HI,ESPN event id=401754516
2025-08-29,18:00,Army Black Knights,NR,Tarleton State Texans,NR,No,,,,,,,,,CBSSN,Michie Stadium,West Point,NY,ESPN event id=401762432
2025-08-29,19:00,Michigan State Spartans,NR,Western Michigan Broncos,NR,No,,,,,,,,,FS1,Spartan Stadium,East Lansing,MI,ESPN event id=401752802
2025-08-29,19:00,Wake Forest Demon Deacons,NR,Kennesaw State Owls,NR,No,,,,,,,,,ACC Network,Allegacy Federal Credit Union Stadium,Winston-Salem,NC,ESPN event id=401754374
2025-08-29,19:00,Charlotte 49ers,NR,App State Mountaineers,NR,Yes,,,,,,,,,ESPNU,Bank of America Stadium,Charlotte,NC,ESPN event id=401761589
2025-08-29,19:00,Florida International Panthers,NR,Bethune-Cookman Wildcats,NR,No,,,,,,,,,ESPN+,Pitbull Stadium,Miami,FL,ESPN event id=401766898
2025-08-29,19:30,Illinois Fighting Illini,NR,Western Illinois Leathernecks,NR,No,,,,,,,,,Peacock,"Memorial Stadium (Champaign, IL)",Champaign,IL,ESPN event id=401752795
2025-08-29,19:30,Kansas Jayhawks,NR,Wagner Seahawks,NR,No,,,,,,,,,ESPN+,David Booth Kansas Memorial Stadium,Lawrence,KS,ESPN event id=401756854
2025-08-29,20:00,Baylor Bears,NR,Auburn Tigers,NR,No,,,,,,,,,FOX,McLane Stadium,Waco,TX,ESPN event id=401752667
2025-08-29,20:00,Colorado Buffaloes,NR,Georgia Tech Yellow Jackets,NR,No,,,,,,,,,ESPN,Folsom Field,Boulder,CO,ESPN event id=401754375
2025-08-29,21:30,Sam Houston Bearkats,NR,UNLV Rebels,NR,No,,,,,,,,,CBSSN,Shell Energy Stadium,Houston,TX,ESPN event id=401757224
2025-08-29,22:30,San José State Spartans,NR,Central Michigan Chippewas,NR,No,,,,,,,,,FS1,CEFCU Stadium,San Jose,CA,ESPN event id=401760358
2025-08-30,12:00,Ohio State Buckeyes,NR,Texas Longhorns,NR,No,,,,,,,,,FOX,Ohio Stadium,Columbus,OH,ESPN event id=401752677
2025-08-30,12:00,Tennessee Volunteers,NR,Syracuse Orange,NR,Yes,,,,,,,,,ABC,Mercedes-Benz Stadium,Atlanta,GA,ESPN event id=401752676
2025-08-30,12:00,Southern Miss Golden Eagles,NR,Mississippi State Bulldogs,NR,No,,,,,,,,,ESPN,M. M. Roberts Stadium,Hattiesburg,MS,ESPN event id=401752673
2025-08-30,12:00,Maryland Terrapins,NR,Florida Atlantic Owls,NR,No,,,,,,,,,BTN,SECU Stadium,College Park,MD,ESPN event id=401752797
2025-08-30,12:00,Purdue Boilermakers,NR,Ball State Cardinals,NR,No,,,,,,,,,BTN,Ross-Ade Stadium,West Lafayette,IN,ESPN event id=401752801
2025-08-30,12:00,Tulane Green Wave,NR,Northwestern Wildcats,NR,No,,,,,,,,,ESPNU,Yulman Stadium,New Orleans,LA,ESPN event id=401752803
2025-08-30,12:00,Pittsburgh Panthers,NR,Duquesne Dukes,NR,No,,,,,,,,,ACC Network,Acrisure Stadium,Pittsburgh,PA,ESPN event id=401754520
2025-08-30,12:00,Navy Midshipmen,NR,VMI Keydets,NR,No,,,,,,,,,CBSSN,Navy-Marine Corps Memorial Stadium,Annapolis,MD,ESPN event id=401762434
2025-08-30,12:00,Kent State Golden Flashes,NR,Merrimack Warriors,NR,No,,,,,,,,,ESPN+,Dix Stadium,Kent,OH,ESPN event id=401762792
2025-08-30,12:45,Kentucky Wildcats,NR,Toledo Rockets,NR,No,,,,,,,,,SEC Network,Kroger Field,Lexington,KY,ESPN event id=401752670
2025-08-30,14:00,Boston College Eagles,NR,Fordham Rams,NR,No,,,,,,,,,ESPN+,"Alumni Stadium (Chestnut Hill, MA)",Chestnut Hill,MA,ESPN event id=401754518
2025-08-30,14:00,West Virginia Mountaineers,NR,Robert Morris Colonials,NR,No,,,,,,,,,ESPN+,Milan Puskar Stadium,Morgantown,WV,ESPN event id=401756878
2025-08-30,14:00,UConn Huskies,NR,Central Connecticut Blue Devils,NR,No,,,,,,,,,,Pratt & Whitney Stadium,East Hartford,CT,ESPN event id=401757167
2025-08-30,14:30,Indiana Hoosiers,NR,Old Dominion Monarchs,NR,No,,,,,,,,,FS1,"Memorial Stadium (Bloomington, IN)",Bloomington,IN,ESPN event id=401752806
2025-08-30,15:00,Louisville Cardinals,NR,Eastern Kentucky Colonels,NR,No,,,,,,,,,ACC Network,L&N Federal Credit Union Stadium,Louisville,KY,ESPN event id=401754519
2025-08-30,15:30,Penn State Nittany Lions,NR,Nevada Wolf Pack,NR,No,,,,,,,,,CBS,Beaver Stadium,University Park,PA,ESPN event id=401752807
2025-08-30,15:30,Georgia Bulldogs,NR,Marshall Thundering Herd,NR,No,,,,,,,,,ESPN,Sanford Stadium,Athens,GA,ESPN event id=401752669
2025-08-30,15:30,Florida State Seminoles,NR,Alabama Crimson Tide,NR,No,,,,,,,,,ABC,Doak Campbell Stadium,Tallahassee,FL,ESPN event id=401752665
2025-08-30,15:30,Iowa State Cyclones,NR,South Dakota Coyotes,NR,No,,,,,,,,,FOX,Jack Trice Stadium,Ames,IA,ESPN event id=401756853
2025-08-30,15:30,Air Force Falcons,NR,Bucknell Bison,NR,No,,,,,,,,,CBSSN,Falcon Stadium,USAF Academy,CO,ESPN event id=401760359
2025-08-30,15:30,Massachusetts Minutemen,NR,Temple Owls,NR,No,,,,,,,,,ESPN+,Warren McGuirk Alumni Stadium,Amherst,MA,ESPN event id=401762456
2025-08-30,15:30,Northern Illinois Huskies,NR,Holy Cross Crusaders,NR,No,,,,,,,,,ESPN+,Huskie Stadium,Dekalb,IL,ESPN event id=401762793
2025-08-30,16:00,Oregon Ducks,NR,Montana State Bobcats,NR,No,,,,,,,,,BTN,Autzen Stadium,Eugene,OR,ESPN event id=401752804
2025-08-30,16:00,Liberty Flames,NR,Maine Black Bears,NR,No,,,,,,,,,ESPN+,Williams Stadium (VA),Lynchburg,VA,ESPN event id=401757220
2025-08-30,16:15,Arkansas Razorbacks,NR,Alabama A&M Bulldogs,NR,No,,,,,,,,,SEC Network,Razorback Stadium,Fayetteville,AR,ESPN event id=401752666
2025-08-30,16:30,Memphis Tigers,NR,Chattanooga Mocs,NR,No,,,,,,,,,ESPN+,Simmons Bank Liberty Stadium,Memphis,TN,ESPN event id=401762433
2025-08-30,18:00,Oklahoma Sooners,NR,Illinois State Redbirds,NR,No,,,,,,,,,ESPN+,"Memorial Stadium (Norman, OK)",Norman,OK,ESPN event id=401752675
2025-08-30,18:00,Iowa Hawkeyes,NR,UAlbany Great Danes,NR,No,,,,,,,,,FS1,Kinnick Stadium,Iowa City,IA,ESPN event id=401752799
2025-08-30,18:00,Virginia Cavaliers,NR,Coastal Carolina Chanticleers,NR,No,,,,,,,,,ACC Network,Scott Stadium,Charlottesville,VA,ESPN event id=401754616
2025-08-30,18:00,James Madison Dukes,NR,Weber State Wildcats,NR,No,,,,,,,,,ESPN+,Bridgeforth Stadium,Harrisonburg,VA,ESPN event id=401761590
2025-08-30,19:00,Florida Gators,NR,Long Island University Sharks,NR,No,,,,,,,,,ESPN+,Ben Hill Griffin Stadium,Gainesville,FL,ESPN event id=401752668
2025-08-30,19:00,Kansas State Wildcats,NR,North Dakota Fighting Hawks,NR,No,,,,,,,,,ESPN+,Bill Snyder Family Stadium,Manhattan,KS,ESPN event id=401756855
2025-08-30,19:00,Texas A&M Aggies,NR,UTSA Roadrunners,NR,No,,,,,,,,,ESPN,Kyle Field,College Station,TX,ESPN event id=401752678
2025-08-30,19:00,Vanderbilt Commodores,NR,Charleston Southern Buccaneers,NR,No,,,,,,,,,ESPN+,FirstBank Stadium,Nashville,TN,ESPN event id=401752679
2025-08-30,19:00,Middle Tennessee Blue Raiders,NR,Austin Peay Governors,NR,No,,,,,,,,,ESPN+,"Johnny ""Red"" Floyd Stadium",Murfreesboro,TN,ESPN event id=401757222
2025-08-30,19:00,Western Kentucky Hilltoppers,NR,North Alabama Lions,NR,No,,,,,,,,,ESPN+,Houchens Industries-L.T. Smith Stadium,Bowling Green,KY,ESPN event id=401757226
2025-08-30,19:00,Arkansas State Red Wolves,NR,Southeast Missouri State Redhawks,NR,No,,,,,,,,,ESPN+,Centennial Bank Stadium,Jonesboro,AR,ESPN event id=401761591
2025-08-30,19:00,South Alabama Jaguars,NR,Morgan State Bears,NR,No,,,,,,,,,ESPN+,Hancock Whitney Stadium,Mobile,AL,ESPN event id=401761593
2025-08-30,19:00,Troy Trojans,NR,Nicholls Colonels,NR,No,,,,,,,,,ESPN+,Veterans Memorial Stadium (AL),Troy,AL,ESPN event id=401761595
2025-08-30,19:30,Clemson Tigers,NR,LSU Tigers,NR,No,,,,,,,,,ABC,"Memorial Stadium (Clemson, SC)",Clemson,SC,ESPN event id=401752671
2025-08-30,19:30,Michigan Wolverines,NR,New Mexico Lobos,NR,No,,,,,,,,,NBC,Michigan Stadium,Ann Arbor,MI,ESPN event id=401752808
2025-08-30,19:30,Texas Tech Red Raiders,NR,Arkansas-Pine Bluff Golden Lions,NR,No,,,,,,,,,ESPN+,Jones AT&T Stadium,Lubbock,TX,ESPN event id=401756877
2025-08-30,19:30,USC Trojans,NR,Missouri State Bears,NR,No,,,,,,,,,BTN,Los Angeles Memorial Coliseum,Los Angeles,CA,ESPN event id=401752798
2025-08-30,19:30,Louisiana Tech Bulldogs,NR,SE Louisiana Lions,NR,No,,,,,,,,,ESPN+,Joe Aillet Stadium,Ruston,LA,ESPN event id=401757221
2025-08-30,19:30,Utah State Aggies,NR,UTEP Miners,NR,No,,,,,,,,,CBSSN,Maverik Stadium,Logan,UT,ESPN event id=401757225
2025-08-30,19:45,Ole Miss Rebels,NR,Georgia State Panthers,NR,No,,,,,,,,,SEC Network,Vaught-Hemingway Stadium,Oxford,MS,ESPN event id=401752672
2025-08-30,20:00,BYU Cougars,NR,Portland State Vikings,NR,No,,,,,,,,,ESPN+,LaVell Edwards Stadium,Provo,UT,ESPN event id=401756851
2025-08-30,20:00,Louisiana Ragin' Cajuns,NR,Rice Owls,NR,No,,,,,,,,,ESPN+,Cajun Field,Lafayette,LA,ESPN event id=401761592
2025-08-30,20:00,Texas State Bobcats,NR,Eastern Michigan Eagles,NR,No,,,,,,,,,ESPN+,UFCU Stadium,San Marcos,TX,ESPN event id=401761594
2025-08-30,20:00,North Texas Mean Green,NR,Lamar Cardinals,NR,No,,,,,,,,,ESPN+,DATCU Stadium,Denton,TX,ESPN event id=401762435
2025-08-30,20:00,Tulsa Golden Hurricane,NR,Abilene Christian Wildcats,NR,No,,,,,,,,,ESPN+,Chapman Stadium,Tulsa,OK,ESPN event id=401762457
2025-08-30,21:00,SMU Mustangs,NR,East Texas A&M Lions,NR,No,,,,,,,,,ACC Network,Gerald J. Ford Stadium,Dallas,TX,ESPN event id=401754521
2025-08-30,21:00,New Mexico State Aggies,NR,Bryant Bulldogs,NR,No,,,,,,,,,ESPN+,Aggie Memorial Stadium,Las Cruces,NM,ESPN event id=401757223
2025-08-30,21:30,Fresno State Bulldogs,NR,Georgia Southern Eagles,NR,No,,,,,,,,,FS1,Valley Children's Stadium,Fresno,CA,ESPN event id=401760361
2025-08-30,22:00,Arizona State Sun Devils,NR,Northern Arizona Lumberjacks,NR,No,,,,,,,,,ESPN+,Mountain America Stadium,Tempe,AZ,ESPN event id=401756850
2025-08-30,22:00,Washington State Cougars,NR,Idaho Vandals,NR,No,,,,,,,,,The CW Network,Martin Stadium,Pullman,WA,ESPN event id=401752947
2025-08-30,22:30,Oregon State Beavers,NR,California Golden Bears,NR,No,,,,,,,,,ESPN,Reser Stadium,Corvallis,OR,ESPN event id=401752936
2025-08-30,22:30,Arizona Wildcats,NR,Hawai'i Rainbow Warriors,NR,No,,,,,,,,,TNT,Arizona Stadium,Tucson,AZ,ESPN event id=401756849
2025-08-30,23:00,UCLA Bruins,NR,Utah Utes,NR,No,,,,,,,,,FOX,Rose Bowl,Pasadena,CA,ESPN event id=401752800
2025-08-30,23:00,Washington Huskies,NR,Colorado State Rams,NR,No,,,,,,,,,BTN,Husky Stadium,Seattle,WA,ESPN event id=401752805
2025-08-31,15:00,South Carolina Gamecocks,NR,Virginia Tech Hokies,NR,Yes,,,,,,,,,ESPN,Mercedes-Benz Stadium,Atlanta,GA,ESPN event id=401752680
2025-08-31,19:30,Miami Hurricanes,NR,Notre Dame Fighting Irish,NR,No,,,,,,,,,ABC,Hard Rock Stadium,Miami Gardens,FL,ESPN event id=401754522
2025-09-01,20:00,North Carolina Tar Heels,NR,TCU Horned Frogs,NR,No,,,,,,,,,ESPN,Kenan Stadium,Chapel Hill,NC,ESPN event id=401754523
